[
  
            {
                "adult": false,
                "backdrop_path": "/620hnMVLu6RSZW6a5rwO8gqpt0t.jpg",
                "genre_ids": [
                    16,
                    35,
                    10751,
                    14
                ],
                "id": 508943,
                "original_language": "en",
                "original_title": "Luca",
                "overview": "Luca and his best friend Alberto experience an unforgettable summer on the Italian Riviera. But all the fun is threatened by a deeply-held secret: they are sea monsters from another world just below the water’s surface.",
                "popularity": 5577.472,
                "poster_path": "/jTswp6KyDYKtvC52GbHagrZbGvD.jpg",
                "release_date": "2021-06-17",
                "title": "Luca",
                "video": false,
                "vote_average": 8.2,
                "vote_count": 2107
            },
            {
                "adult": false,
                "backdrop_path": "/wjQXZTlFM3PVEUmKf1sUajjygqT.jpg",
                "genre_ids": [
                    878,
                    28,
                    53
                ],
                "id": 581726,
                "original_language": "en",
                "original_title": "Infinite",
                "overview": "Evan McCauley has skills he never learned and memories of places he has never visited. Self-medicated and on the brink of a mental breakdown, a secret group that call themselves “Infinites” come to his rescue, revealing that his memories are real.",
                "popularity": 5128.581,
                "poster_path": "/niw2AKHz6XmwiRMLWaoyAOAti0G.jpg",
                "release_date": "2021-09-08",
                "title": "Infinite",
                "video": false,
                "vote_average": 0,
                "vote_count": 0
            },
            {
                "adult": false,
                "backdrop_path": "/xXHZeb1yhJvnSHPzZDqee0zfMb6.jpg",
                "genre_ids": [
                    28,
                    12,
                    80,
                    53
                ],
                "id": 385128,
                "original_language": "en",
                "original_title": "F9",
                "overview": "Dominic Toretto and his crew battle the most skilled assassin and high-performance driver they've ever encountered: his forsaken brother.",
                "popularity": 3158.854,
                "poster_path": "/qIicLxr7B7gIt5hxZxo423BJLlK.jpg",
                "release_date": "2021-05-19",
                "title": "F9",
                "video": false,
                "vote_average": 7.7,
                "vote_count": 403
            },
            {
                "adult": false,
                "backdrop_path": "/z2UtGA1WggESspi6KOXeo66lvLx.jpg",
                "genre_ids": [
                    878,
                    53,
                    27
                ],
                "id": 520763,
                "original_language": "en",
                "original_title": "A Quiet Place Part II",
                "overview": "Following the events at home, the Abbott family now face the terrors of the outside world. Forced to venture into the unknown, they realize that the creatures that hunt by sound are not the only threats that lurk beyond the sand path.",
                "popularity": 2854.801,
                "poster_path": "/4q2hz2m8hubgvijz8Ez0T2Os2Yv.jpg",
                "release_date": "2021-05-21",
                "title": "A Quiet Place Part II",
                "video": false,
                "vote_average": 7.8,
                "vote_count": 1359
            },
            {
                "adult": false,
                "backdrop_path": "/6MKr3KgOLmzOP6MSuZERO41Lpkt.jpg",
                "genre_ids": [
                    35,
                    80
                ],
                "id": 337404,
                "original_language": "en",
                "original_title": "Cruella",
                "overview": "In 1970s London amidst the punk rock revolution, a young grifter named Estella is determined to make a name for herself with her designs. She befriends a pair of young thieves who appreciate her appetite for mischief, and together they are able to build a life for themselves on the London streets. One day, Estella’s flair for fashion catches the eye of the Baroness von Hellman, a fashion legend who is devastatingly chic and terrifyingly haute. But their relationship sets in motion a course of events and revelations that will cause Estella to embrace her wicked side and become the raucous, fashionable and revenge-bent Cruella.",
                "popularity": 2610.575,
                "poster_path": "/rTh4K5uw9HypmpGslcKd4QfHl93.jpg",
                "release_date": "2021-05-26",
                "title": "Cruella",
                "video": false,
                "vote_average": 8.5,
                "vote_count": 3744
            },
            {
                "adult": false,
                "backdrop_path": "/70AV2Xx5FQYj20labp0EGdbjI6E.jpg",
                "genre_ids": [
                    80,
                    28,
                    53
                ],
                "id": 637649,
                "original_language": "en",
                "original_title": "Wrath of Man",
                "overview": "A cold and mysterious new security guard for a Los Angeles cash truck company surprises his co-workers when he unleashes precision skills during a heist. The crew is left wondering who he is and where he came from. Soon, the marksman's ultimate motive becomes clear as he takes dramatic and irrevocable steps to settle a score.",
                "popularity": 2309.757,
                "poster_path": "/M7SUK85sKjaStg4TKhlAVyGlz3.jpg",
                "release_date": "2021-04-22",
                "title": "Wrath of Man",
                "video": false,
                "vote_average": 7.8,
                "vote_count": 1238
            },
            {
                "adult": false,
                "backdrop_path": null,
                "genre_ids": [
                    28,
                    80
                ],
                "id": 385687,
                "original_language": "en",
                "original_title": "Fast & Furious 10",
                "overview": "The tenth installment in the Fast Saga.",
                "popularity": 2212.715,
                "poster_path": "/2DyEk84XnbJEdPlGF43crxfdtHH.jpg",
                "release_date": "2023-02-01",
                "title": "Fast & Furious 10",
                "video": false,
                "vote_average": 0,
                "vote_count": 0
            },
            {
                "adult": false,
                "backdrop_path": "/qi6Edc1OPcyENecGtz8TF0DUr9e.jpg",
                "genre_ids": [
                    27,
                    9648,
                    53
                ],
                "id": 423108,
                "original_language": "en",
                "original_title": "The Conjuring: The Devil Made Me Do It",
                "overview": "Paranormal investigators Ed and Lorraine Warren encounter what would become one of the most sensational cases from their files. The fight for the soul of a young boy takes them beyond anything they'd ever seen before, to mark the first time in U.S. history that a murder suspect would claim demonic possession as a defense.",
                "popularity": 1875.745,
                "poster_path": "/xbSuFiJbbBWCkyCCKIMfuDCA4yV.jpg",
                "release_date": "2021-05-25",
                "title": "The Conjuring: The Devil Made Me Do It",
                "video": false,
                "vote_average": 8,
                "vote_count": 2868
            },
            {
                "adult": false,
                "backdrop_path": "/vqEjXzWdzPbV2DZ7bk29weDFiDl.jpg",
                "genre_ids": [
                    16,
                    12,
                    10751,
                    37
                ],
                "id": 637693,
                "original_language": "en",
                "original_title": "Spirit Untamed",
                "overview": "Lucky Prescott's life is changed forever when she moves from her home in the city to a small frontier town and befriends a wild mustang named Spirit.",
                "popularity": 1680.33,
                "poster_path": "/5cbGVDmRMYVzkq5cItZ7cYlDdDR.jpg",
                "release_date": "2021-05-20",
                "title": "Spirit Untamed",
                "video": false,
                "vote_average": 7.9,
                "vote_count": 110
            },
            {
                "adult": false,
                "backdrop_path": "/3RMbkXS4ocMmoJyAD3ZsWbm32Kx.jpg",
                "genre_ids": [
                    28,
                    12,
                    18,
                    878,
                    53
                ],
                "id": 615658,
                "original_language": "en",
                "original_title": "Awake",
                "overview": "After a sudden global event wipes out all electronics and takes away humankind’s ability to sleep, chaos quickly begins to consume the world. Only Jill, an ex-soldier with a troubled past, may hold the key to a cure in the form of her own daughter. The question is, can Jill safely deliver her daughter and save the world before she herself loses her mind.",
                "popularity": 1554.396,
                "poster_path": "/uZkNbB8isWXHMDNoIbqXvmslBMC.jpg",
                "release_date": "2021-06-09",
                "title": "Awake",
                "video": false,
                "vote_average": 6.1,
                "vote_count": 452
            },
            {
                "adult": false,
                "backdrop_path": "/9WlJFhOSCPnaaSmsrv0B4zA8iUb.jpg",
                "genre_ids": [
                    28,
                    80,
                    878,
                    27,
                    53
                ],
                "id": 503736,
                "original_language": "en",
                "original_title": "Army of the Dead",
                "overview": "Following a zombie outbreak in Las Vegas, a group of mercenaries take the ultimate gamble: venturing into the quarantine zone to pull off the greatest heist ever attempted.",
                "popularity": 1568.749,
                "poster_path": "/z8CExJekGrEThbpMXAmCFvvgoJR.jpg",
                "release_date": "2021-05-14",
                "title": "Army of the Dead",
                "video": false,
                "vote_average": 6.5,
                "vote_count": 1801
            },
            {
                "adult": false,
                "backdrop_path": "/9yBVqNruk6Ykrwc32qrK2TIE5xw.jpg",
                "genre_ids": [
                    28,
                    14,
                    12
                ],
                "id": 460465,
                "original_language": "en",
                "original_title": "Mortal Kombat",
                "overview": "Washed-up MMA fighter Cole Young, unaware of his heritage, and hunted by Emperor Shang Tsung's best warrior, Sub-Zero, seeks out and trains with Earth's greatest champions as he prepares to stand against the enemies of Outworld in a high stakes battle for the universe.",
                "popularity": 1484.413,
                "poster_path": "/nkayOAUBUu4mMvyNf9iHSUiPjF1.jpg",
                "release_date": "2021-04-07",
                "title": "Mortal Kombat",
                "video": false,
                "vote_average": 7.5,
                "vote_count": 3204
            },
            {
                "adult": false,
                "backdrop_path": "/inJjDhCjfhh3RtrJWBmmDqeuSYC.jpg",
                "genre_ids": [
                    14,
                    12,
                    28
                ],
                "id": 399566,
                "original_language": "en",
                "original_title": "Godzilla vs. Kong",
                "overview": "In a time when monsters walk the Earth, humanity’s fight for its future sets Godzilla and Kong on a collision course that will see the two most powerful forces of nature on the planet collide in a spectacular battle for the ages.",
                "popularity": 1410.625,
                "poster_path": "/pgqgaUx1cJb5oZQQ5v0tNARCeBp.jpg",
                "release_date": "2021-03-24",
                "title": "Godzilla vs. Kong",
                "video": false,
                "vote_average": 8,
                "vote_count": 6267
            },
            {
                "adult": false,
                "backdrop_path": "/nVKRspU9SQEs2gNrms8cDKsI4vx.jpg",
                "genre_ids": [
                    28,
                    878
                ],
                "id": 588228,
                "original_language": "en",
                "original_title": "The Tomorrow War",
                "overview": "The world is stunned when a group of time travelers arrive from the year 2051 to deliver an urgent message: Thirty years in the future, mankind is losing a global war against a deadly alien species. The only hope for survival is for soldiers and civilians from the present to be transported to the future and join the fight. Among those recruited is high school teacher and family man Dan Forester. Determined to save the world for his young daughter, Dan teams up with a brilliant scientist and his estranged father in a desperate quest to rewrite the fate of the planet.",
                "popularity": 1511.681,
                "poster_path": "/xipF6XqfSYV8DxLqfLN6aWlwuRp.jpg",
                "release_date": "2021-06-30",
                "title": "The Tomorrow War",
                "video": false,
                "vote_average": 8.5,
                "vote_count": 1306
            },
            {
                "adult": false,
                "backdrop_path": "/vDR2h5uQNgWyx3fsEVnEOcNFibZ.jpg",
                "genre_ids": [
                    80,
                    53
                ],
                "id": 801335,
                "original_language": "en",
                "original_title": "Girl in the Basement",
                "overview": "Sara is a teen girl who is looking forward to her 18th birthday to move away from her controlling father Don. But before she could even blow out the candles, Don imprisons her in the basement of their home.",
                "popularity": 1183.875,
                "poster_path": "/qmddUxRwbsxHa7oEXm4PWh1KZe8.jpg",
                "release_date": "2021-02-27",
                "title": "Girl in the Basement",
                "video": false,
                "vote_average": 8.1,
                "vote_count": 158
            },
            {
                "adult": false,
                "backdrop_path": "/uEWCi9fc89m9qS5SNshlvxkSsLJ.jpg",
                "genre_ids": [
                    27,
                    53
                ],
                "id": 159211,
                "original_language": "en",
                "original_title": "The Haunting of Helena",
                "overview": "After a divorce, Sophia moves to the south of Italy with her daughter, Helena. Their new home, an apartment within an austere building of the fascist age, is a chance for them to start a new life. But inside an old storage room hides a mysterious closet and a buried secret. After the loss of Helena’s first baby tooth, a chilling obsession begins and an apparition haunts her sleep...",
                "popularity": 1101.881,
                "poster_path": "/iB8rf8FYHGlrbmLybCo6Mpg8hNt.jpg",
                "release_date": "2013-01-14",
                "title": "The Haunting of Helena",
                "video": false,
                "vote_average": 5.2,
                "vote_count": 100
            },
            {
                "adult": false,
                "backdrop_path": "/A0xW7GgeFQoQmPOn7HcHkBQ5nlb.jpg",
                "genre_ids": [
                    53,
                    28
                ],
                "id": 817451,
                "original_language": "en",
                "original_title": "Endangered Species",
                "overview": "Jack Halsey takes his wife, their adult kids, and a friend for a dream vacation in Kenya. But as they venture off alone into a wilderness park, their safari van is flipped over by an angry rhino, leaving them injured and desperate. Then, as two of them go in search of rescue, a bloody, vicious encounter with a leopard and a clan of hyenas incites a desperate fight for survival.",
                "popularity": 1169.094,
                "poster_path": "/ccsSqbpEqr2KK9eMvoeF8ERFCd5.jpg",
                "release_date": "2021-05-27",
                "title": "Endangered Species",
                "video": false,
                "vote_average": 6.6,
                "vote_count": 57
            },
            {
                "adult": false,
                "backdrop_path": "/fPGeS6jgdLovQAKunNHX8l0avCy.jpg",
                "genre_ids": [
                    28,
                    53,
                    10752
                ],
                "id": 567189,
                "original_language": "en",
                "original_title": "Tom Clancy's Without Remorse",
                "overview": "An elite Navy SEAL uncovers an international conspiracy while seeking justice for the murder of his pregnant wife.",
                "popularity": 1140.554,
                "poster_path": "/rEm96ib0sPiZBADNKBHKBv5bve9.jpg",
                "release_date": "2021-04-29",
                "title": "Tom Clancy's Without Remorse",
                "video": false,
                "vote_average": 7.2,
                "vote_count": 1296
            },
            {
                "adult": false,
                "backdrop_path": "/4kIRrW1AlHP5Idne8CPHeQt8nR5.jpg",
                "genre_ids": [
                    16,
                    10751,
                    35,
                    14
                ],
                "id": 550205,
                "original_language": "en",
                "original_title": "Wish Dragon",
                "overview": "Determined teen Din is longing to reconnect with his childhood best friend when he meets a wish-granting dragon who shows him the magic of possibilities.",
                "popularity": 1127.518,
                "poster_path": "/lnPf6hzANL6pVQTxUlsNYSuhT5l.jpg",
                "release_date": "2021-01-15",
                "title": "Wish Dragon",
                "video": false,
                "vote_average": 8.3,
                "vote_count": 339
            },
            {
                "adult": false,
                "backdrop_path": "/miOnymJ0dN2psWBB8Vleo3fUyrc.jpg",
                "genre_ids": [
                    18,
                    10751,
                    35
                ],
                "id": 607259,
                "original_language": "en",
                "original_title": "Fatherhood",
                "overview": "A widowed new dad copes with doubts, fears, heartache and dirty diapers as he sets out to raise his daughter on his own. Inspired by a true story.",
                "popularity": 973.349,
                "poster_path": "/pR2fzm82fl0giommpo310LBOMbV.jpg",
                "release_date": "2021-06-18",
                "title": "Fatherhood",
                "video": false,
                "vote_average": 8,
                "vote_count": 478
            }
]
       